<?xml version="1.0" encoding="UTF-8"?>
<project-private xmlns="http://www.netbeans.org/ns/project-private/1">
    <editor-bookmarks xmlns="http://www.netbeans.org/ns/editor-bookmarks/2" lastBookmarkId="0"/>
    <open-files xmlns="http://www.netbeans.org/ns/projectui-open-files/2">
        <group>
            <file>file:/home/student2/tpazhaid/Documents/COE628/lab7/lab7/src/lab7/Lab7.java</file>
            <file>file:/home/student2/tpazhaid/Documents/COE628/lab7/lab7/src/lab7/Counter.java</file>
            <file>file:/home/student2/tpazhaid/Documents/COE628/lab7/lab7/src/lab7/CounterThread.java</file>
        </group>
    </open-files>
</project-private>
